Id,Nome,Email,Data_cadastro,Telefone,DDD,Country_code
55,edmilson da silva,edmilson-da-silva_55@gmail.com,2019-08-30T00:54:33.000Z,+55(22)2922-2626,22,+55
78,maxson barros do santos,maxson-barros-do-santos_78@gmail.com,2019-09-10T02:03:42.000Z,+55(22)2126-2529,22,+55
61,bruno cesar e silva,bruno-cesar-e-silva_61@gmail.com,2019-08-30T01:05:21.000Z,+55(23)2528-2729,23,+55
106,dernival passos de amarantes,dernival-passos-de-amarantes_106@gmail.com,2019-09-27T02:40:14.000Z,+55(29)2927-2322,29,+55
107,jos√© rubian de goes,jose-rubian-de-goes_107@gmail.com,2019-09-28T13:09:43.000Z,+55(22)2023-2620,22,+55
108,angelica dos santos de morais,angelica-dos-santos-de-morais_108@gmail.com,2019-09-28T14:48:16.000Z,+55(20)2521-3030,20,+55
109,alanderson,alanderson_109@gmail.com,2019-09-29T00:15:12.000Z,+55(22)2323-2426,22,+55
142,silvio gabriel,silvio-gabriel_142@gmail.com,2019-10-04T12:47:21.000Z,+55(22)3026-2123,22,+55
144,jos√© carlos da silva leite,jose-carlos-da-silva-leite_144@gmail.com,2019-10-06T14:24:26.000Z,+55(21)2921-2127,21,+55
145,dante hugo ayres c√¢ncio,dante-hugo-ayres-cancio_145@gmail.com,2019-10-06T16:36:49.000Z,+55(20)2421-2129,20,+55
146,felipe emanuel da silva correia,felipe-emanuel-da-silva-correia_146@gmail.com,2019-10-06T18:24:39.000Z,+55(25)2020-2820,25,+55
88,anderson albuquerque,anderson-albuquerque_88@gmail.com,2019-09-14T20:52:26.000Z,+55(29)2527-2125,29,+55
159,arena,arena_159@gmail.com,2019-10-31T18:56:40.000Z,+55(28)2127-2623,28,+55
150,jean,jean_150@gmail.com,2019-10-13T20:50:27.000Z,+55(30)2028-2130,30,+55
248,daniel,daniel_248@gmail.com,2019-12-12T23:54:51.000Z,+55(22)2328-2725,22,+55
156,ronaldo rabello,ronaldo-rabello_156@gmail.com,2019-10-25T17:26:36.000Z,+55(25)3026-2124,25,+55
157,alexandre santos,alexandre-santos_157@gmail.com,2019-10-26T16:48:48.000Z,+55(27)2825-2325,27,+55
160,genival rufino neres dos santos,genival-rufino-neres-dos-santos_160@gmail.com,2019-10-31T20:13:50.000Z,+55(25)2225-2922,25,+55
152,bandeja,bandeja_152@gmail.com,2019-10-16T13:03:12.000Z,+55(24)2727-2527,24,+55
153,dante hugo brandao ayres junior,dante-hugo-brandao-ayres-junior_153@gmail.com,2019-10-17T02:09:46.000Z,+55(30)2430-2227,30,+55
31,marc√≠lio borges,marcilio-borges_31@gmail.com,2019-07-30T12:26:51.000Z,+55(22)2226-2822,22,+55
199,samuel,samuel_199@gmail.com,2019-11-07T13:10:30.000Z,+55(25)2625-2826,25,+55
200,edrizzio matheus,edrizzio-matheus_200@gmail.com,2019-11-10T02:21:44.000Z,+55(26)2828-2728,26,+55
201,mateus lucas,mateus-lucas_201@gmail.com,2019-11-10T16:33:08.000Z,+55(28)2230-2120,28,+55
202,andson santos marques da silva,andson-santos-marques-da-silva_202@gmail.com,2019-11-10T17:02:34.000Z,+55(25)3020-3021,25,+55
210,darlan in√°cio costa,darlan-inacio-costa_210@gmail.com,2019-11-29T00:21:08.000Z,+55(30)2622-3020,30,+55
161,carlos henrique da concei√ß√£o almeida,carlos-henrique-da-conceicao-almeida_161@gmail.com,2019-11-01T01:12:39.000Z,+55(22)2129-2630,22,+55
204,emerson ferreira da silva,emerson-ferreira-da-silva_204@gmail.com,2019-11-16T10:11:46.000Z,+55(27)2629-3023,27,+55
208,flavio maia gomes neto,flavio-maia-gomes-neto_208@gmail.com,2019-11-23T18:54:28.000Z,+55(21)2429-2821,21,+55
209,jefferson,jefferson_209@gmail.com,2019-11-27T10:50:00.000Z,+55(29)2928-2525,29,+55
203,betbol,betbol_203@gmail.com,2019-11-11T19:26:04.000Z,+55(26)2121-2027,26,+55
207,fernando antonio lima dos santos,fernando-antonio-lima-dos-santos_207@gmail.com,2019-11-22T15:25:59.000Z,+55(23)2930-2228,23,+55
27,emerson vieira novaes,emerson-vieira-novaes_27@gmail.com,2019-07-30T12:20:01.000Z,+55(30)2625-2430,30,+55
163,emanoel,emanoel_163@gmail.com,2019-11-01T21:45:55.000Z,+55(23)2127-2224,23,+55
148,delmiro,delmiro_148@gmail.com,2019-10-08T13:51:34.000Z,+55(21)2328-2922,21,+55
149,junior flexal,junior-flexal_149@gmail.com,2019-10-08T13:56:01.000Z,+55(28)2830-3022,28,+55
197,leandro,leandro_197@gmail.com,2019-11-06T13:56:21.000Z,+55(21)2720-2820,21,+55
44,romulo,romulo_44@gmail.com,2019-08-21T00:02:04.000Z,+55(23)2020-2924,23,+55
333,rafael de oliveira gomes,rafael-de-oliveira-gomes_333@gmail.com,2020-03-08T10:59:21.000Z,+55(28)2823-2425,28,+55
143,mantega,mantega_143@gmail.com,2019-10-04T12:58:59.000Z,+55(24)3020-2129,24,+55
32,maycon da siva,maycon-da-siva_32@gmail.com,2019-07-30T12:29:00.000Z,+55(25)2326-2230,25,+55
245,bruno,bruno_245@gmail.com,2019-12-11T06:53:39.000Z,+55(21)2927-2130,21,+55
247,joseildo carlos de lima,joseildo-carlos-de-lima_247@gmail.com,2019-12-12T19:30:11.000Z,+55(23)2626-2526,23,+55
98,kayc silva,kayc-silva_98@gmail.com,2019-09-19T12:44:58.000Z,+55(22)2824-2528,22,+55
259,jeanderson carlos rodrigues oliveira,jeanderson-carlos-rodrigues-oliveira_259@gmail.com,2020-01-15T15:26:29.000Z,+55(24)2522-2128,24,+55
261,sergio gomes,sergio-gomes_261@gmail.com,2020-01-22T01:36:07.000Z,+55(27)2621-2924,27,+55
256,joseildo,joseildo_256@gmail.com,2019-12-25T11:50:00.000Z,+55(27)3028-2023,27,+55
255,joseildo,joseildo_255@gmail.com,2019-12-25T11:15:54.000Z,+55(26)2729-2729,26,+55
257,kalmir tomaz da silva,kalmir-tomaz-da-silva_257@gmail.com,2020-01-02T18:24:06.000Z,+55(21)2729-2023,21,+55
260,jon,jon_260@gmail.com,2020-01-20T10:20:31.000Z,+55(22)2621-2720,22,+55
266,tiozao,tiozao_266@gmail.com,2020-01-31T16:14:44.000Z,+55(23)3025-2728,23,+55
268,diego dos santos,diego-dos-santos_268@gmail.com,2020-02-05T15:52:51.000Z,+55(28)2229-2723,28,+55
265,m√°rio,mario_265@gmail.com,2020-01-30T16:28:41.000Z,+55(20)2126-2529,20,+55
258,pedro toledo de vasconcelos neto,pedro-toledo-de-vasconcelos-neto_258@gmail.com,2020-01-07T00:32:51.000Z,+55(25)2430-2725,25,+55
263,rog√©rio  santana alves,rogerio-santana-alves_263@gmail.com,2020-01-25T02:33:42.000Z,+55(20)3025-2228,20,+55
269,jos√© edivaldo ferreira de miranda,jose-edivaldo-ferreira-de-miranda_269@gmail.com,2020-02-09T13:28:47.000Z,+55(29)2622-2321,29,+55
334,janio,janio_334@gmail.com,2020-03-10T01:18:59.000Z,+55(20)2423-2822,20,+55
147,matheus lira,matheus-lira_147@gmail.com,2019-10-07T21:20:17.000Z,+55(25)2725-3020,25,+55
386,ricardo,ricardo_386@gmail.com,2020-06-14T18:38:26.000Z,+55(23)2729-2725,23,+55
391,nildo sarmento,nildo-sarmento_391@gmail.com,2020-07-09T01:31:23.000Z,+55(26)2424-2723,26,+55
448,luiz carlos da silva,luiz-carlos-da-silva_448@gmail.com,2020-09-24T22:30:16.000Z,+55(24)2220-2621,24,+55
368,anderson,anderson_368@gmail.com,2020-05-19T03:47:21.000Z,+55(29)2420-2128,29,+55
433,jos√© gabriel silva almeida,jose-gabriel-silva-almeida_433@gmail.com,2020-08-08T15:33:15.000Z,+55(24)2323-2327,24,+55
387,jos√© cl√°udio antonione silva do carmo,jose-claudio-antonione-silva-do-carmo_387@gmail.com,2020-06-28T13:56:30.000Z,+55(30)2321-2025,30,+55
455,iranilson pereira da silva,iranilson-pereira-da-silva_455@gmail.com,2020-10-06T00:36:04.000Z,+55(29)2722-2425,29,+55
393,leandro,leandro_393@gmail.com,2020-07-15T10:42:14.000Z,+55(20)2026-2520,20,+55
395,santos,santos_395@gmail.com,2020-07-20T01:41:53.000Z,+55(22)2523-2728,22,+55
14,fl√°vio alexandre cordeiro,flavio-alexandre-cordeiro_14@gmail.com,2019-07-26T16:58:06.000Z,+55(20)2322-2825,20,+55
11,luiz felipe da silva,luiz-felipe-da-silva_11@gmail.com,2019-07-21T12:30:48.000Z,+55(22)2528-2320,22,+55
434,miguel gouveia da silva,miguel-gouveia-da-silva_434@gmail.com,2020-08-10T00:20:11.000Z,+55(29)2928-2529,29,+55
388,nicolas martinelli monteiro de omena martins,nicolas-martinelli-monteiro-de-omena-martins_388@gmail.com,2020-07-02T03:12:58.000Z,+55(23)2825-2225,23,+55
439,√°lvaro jose,alvaro-jose_439@gmail.com,2020-08-23T17:46:39.000Z,+55(20)2224-2727,20,+55
385,testesss,testesss_385@gmail.com,2020-06-10T18:25:24.000Z,+55(25)2727-2325,25,+55
447,kelton jerffeson flor de melo,kelton-jerffeson-flor-de-melo_447@gmail.com,2020-09-23T05:31:17.000Z,+55(27)2921-2427,27,+55
381,janderson,janderson_381@gmail.com,2020-06-10T13:47:58.000Z,+55(24)2628-2227,24,+55
435,c√≠cero jefferson da silva ferreira,cicero-jefferson-da-silva-ferreira_435@gmail.com,2020-08-10T00:45:50.000Z,+55(27)2726-2327,27,+55
369,leandro artur,leandro-artur_369@gmail.com,2020-05-20T19:31:56.000Z,+55(22)2828-2321,22,+55
445,lilian stephanie dos santos lima,lilian-stephanie-dos-santos-lima_445@gmail.com,2020-09-13T16:07:47.000Z,+55(26)2820-2221,26,+55
394,satunino,satunino_394@gmail.com,2020-07-20T01:14:58.000Z,+55(21)2030-2729,21,+55
437,dudu,dudu_437@gmail.com,2020-08-14T18:22:47.000Z,+55(27)2629-3023,27,+55
430,vitor nicolas barbosa de almeida,vitor-nicolas-barbosa-de-almeida_430@gmail.com,2020-07-31T15:15:02.000Z,+55(26)2325-2122,26,+55
298,joao vitor santos da silva,joao-vitor-santos-da-silva_298@gmail.com,2020-02-16T21:19:58.000Z,+55(27)2327-2227,27,+55
397,afonso dos santos,afonso-dos-santos_397@gmail.com,2020-07-27T12:52:01.000Z,+55(28)2429-2822,28,+55
87,adriano,adriano_87@gmail.com,2019-09-14T20:38:42.000Z,+55(25)2224-2524,25,+55
516,valnei rego dos santos,valnei-rego-dos-santos_516@gmail.com,2020-11-25T03:39:39.000Z,+55(27)2928-2124,27,+55
9,gisele lucia,gisele-lucia_9@gmail.com,2019-07-21T12:26:12.000Z,+55(24)2023-2626,24,+55
20,paulo,paulo_20@gmail.com,2019-07-29T23:35:25.000Z,+55(25)2727-3028,25,+55
155,jadir rodrigues,jadir-rodrigues_155@gmail.com,2019-10-22T16:25:27.000Z,+55(22)2430-2526,22,+55
267,wilson,wilson_267@gmail.com,2020-02-04T13:30:25.000Z,+55(24)2325-2429,24,+55
454,vanuza joca dos santos,vanuza-joca-dos-santos_454@gmail.com,2020-10-01T15:11:14.000Z,+55(29)2329-3030,29,+55
451,walter rosa do nascimento,walter-rosa-do-nascimento_451@gmail.com,2020-09-30T03:02:29.000Z,+55(26)2025-3020,26,+55
453,taciano mendon√ßa da silva,taciano-mendonca-da-silva_453@gmail.com,2020-09-30T21:51:03.000Z,+55(22)2326-2526,22,+55
449,andr√© victor flor de melo,andre-victor-flor-de-melo_449@gmail.com,2020-09-27T18:40:59.000Z,+55(30)2220-2522,30,+55
490,savio felipe pacheco de araujo,savio-felipe-pacheco-de-araujo_490@gmail.com,2020-10-23T14:00:47.000Z,+55(30)2520-3029,30,+55
499,luiz pedro alves dos santos,luiz-pedro-alves-dos-santos_499@gmail.com,2020-11-14T12:28:14.000Z,+55(25)2530-2629,25,+55
491,teste,teste_491@gmail.com,2020-10-23T15:21:50.000Z,+55(23)2230-2321,23,+55
493,antonio,antonio_493@gmail.com,2020-10-30T15:03:38.000Z,+55(20)2529-2524,20,+55
496,fagner oliveira de ara√∫jo,fagner-oliveira-de-araujo_496@gmail.com,2020-11-05T11:18:17.000Z,+55(26)2029-2620,26,+55
505,marcos willian silva cavalcanti,marcos-willian-silva-cavalcanti_505@gmail.com,2020-11-14T12:52:40.000Z,+55(29)2220-2023,29,+55
494,ana carla,ana-carla_494@gmail.com,2020-10-30T15:05:42.000Z,+55(22)2629-2030,22,+55
492,luciano,luciano_492@gmail.com,2020-10-28T22:30:51.000Z,+55(22)2424-2426,22,+55
670,galo,galo_670@gmail.com,2021-05-22T00:27:43.000Z,+55(20)2428-2827,20,+55
718,eduardo,eduardo_718@gmail.com,2021-07-28T23:18:59.000Z,+55(21)2530-3025,21,+55
705,patr√≠cio araujo barbosa,patricio-araujo-barbosa_705@gmail.com,2021-06-30T17:56:35.000Z,+55(23)2230-2022,23,+55
715,zekinha,zekinha_715@gmail.com,2021-07-18T18:10:46.000Z,+55(21)2124-2026,21,+55
702,aurijean ferreira barros,aurijean-ferreira-barros_702@gmail.com,2021-06-26T02:05:01.000Z,+55(23)2730-2729,23,+55
695,adelto paulo da silva,adelto-paulo-da-silva_695@gmail.com,2021-06-14T21:05:18.000Z,+55(22)2721-2321,22,+55
700,jos√© avany cavalcante j√∫nior,jose-avany-cavalcante-junior_700@gmail.com,2021-06-23T22:09:44.000Z,+55(20)2026-2924,20,+55
725,americo neto alves de sousa,americo-neto-alves-de-sousa_725@gmail.com,2021-08-20T00:00:48.000Z,+55(25)2428-2030,25,+55
667,fabio76,fabio76_667@gmail.com,2021-05-22T00:22:09.000Z,+55(23)2325-3022,23,+55
721,kleber,kleber_721@gmail.com,2021-08-11T21:25:28.000Z,+55(23)3024-2327,23,+55
673,marli simao de oliveira,marli-simao-de-oliveira_673@gmail.com,2021-05-22T00:55:05.000Z,+55(26)2524-2326,26,+55
693,lizia yohanna,lizia-yohanna_693@gmail.com,2021-06-13T23:31:27.000Z,+55(30)2626-3027,30,+55
706,ibson silveira prado,ibson-silveira-prado_706@gmail.com,2021-06-30T22:21:53.000Z,+55(22)2923-2230,22,+55
727,nat√£,nata_727@gmail.com,2021-08-22T06:25:19.000Z,+55(28)3028-2522,28,+55
728,adatangelo,adatangelo_728@gmail.com,2021-08-26T12:34:45.000Z,+55(20)2524-3028,20,+55
736,rafae silva santos,rafae-silva-santos_736@gmail.com,2021-09-15T15:42:38.000Z,+55(29)2922-2920,29,+55
719,luiz carlos,luiz-carlos_719@gmail.com,2021-07-29T02:24:49.000Z,+55(24)2825-2020,24,+55
724,americo neto alves,americo-neto-alves_724@gmail.com,2021-08-19T23:52:28.000Z,+55(30)2422-2625,30,+55
777,jose roberto bezerra de souza,jose-roberto-bezerra-de-souza_777@gmail.com,2021-09-28T01:24:47.000Z,+55(20)2229-2721,20,+55
731,wellington almeida da silva,wellington-almeida-da-silva_731@gmail.com,2021-09-03T21:16:21.000Z,+55(23)2125-2727,23,+55
300,fabio santos correia,fabio-santos-correia_300@gmail.com,2020-02-19T16:45:12.000Z,+55(20)2330-2129,20,+55
262,jos√© carlos,jose-carlos_262@gmail.com,2020-01-22T02:38:38.000Z,+55(21)2525-2826,21,+55
735,adrian danner de lemos barbosa,adrian-danner-de-lemos-barbosa_735@gmail.com,2021-09-12T03:29:45.000Z,+55(27)3024-2825,27,+55
729,anderson,anderson_729@gmail.com,2021-08-28T21:35:27.000Z,+55(30)2022-2327,30,+55
733,raimundo silva pereira,raimundo-silva-pereira_733@gmail.com,2021-09-06T23:52:25.000Z,+55(25)2830-2829,25,+55
738,vit√≥ria pereira,vitoria-pereira_738@gmail.com,2021-09-19T20:07:16.000Z,+55(20)2324-2824,20,+55
739,ana lucia,ana-lucia_739@gmail.com,2021-09-22T15:30:31.000Z,+55(26)2522-3021,26,+55
205,roberto teles ten√≥rio,roberto-teles-tenorio_205@gmail.com,2019-11-18T12:24:57.000Z,+55(26)2424-2122,26,+55
741,wilke dos santos calixto,wilke-dos-santos-calixto_741@gmail.com,2021-09-23T16:15:14.000Z,+55(29)2026-2929,29,+55
154,marquinho,marquinho_154@gmail.com,2019-10-21T18:02:48.000Z,+55(20)2327-2427,20,+55
742,roginelly,roginelly_742@gmail.com,2021-09-24T16:28:53.000Z,+55(20)2221-2724,20,+55
743,jo√£o paulo magalh√£es,joao-paulo-magalhaes_743@gmail.com,2021-09-26T20:04:32.000Z,+55(22)2129-2229,22,+55
776,marcelo,marcelo_776@gmail.com,2021-09-27T21:16:53.000Z,+55(24)2329-2329,24,+55
730,wesley,wesley_730@gmail.com,2021-08-30T00:31:48.000Z,+55(30)2320-2621,30,+55
707,yago rafael braga,yago-rafael-braga_707@gmail.com,2021-07-01T00:11:23.000Z,+55(20)3028-3025,20,+55
734,sallo,sallo_734@gmail.com,2021-09-09T20:48:02.000Z,+55(24)2427-2227,24,+55
740,fhabyo albuquerque,fhabyo-albuquerque_740@gmail.com,2021-09-22T21:30:31.000Z,+55(30)2321-2730,30,+55
732,luik,luik_732@gmail.com,2021-09-04T01:08:07.000Z,+55(22)2829-2621,22,+55
444,alexsandro  silva oliveira,alexsandro-silva-oliveira_444@gmail.com,2020-09-13T00:56:16.000Z,+55(20)3028-2720,20,+55
97,carlos alberto,carlos-alberto_97@gmail.com,2019-09-19T12:43:05.000Z,+55(26)2520-2522,26,+55
198,welson barbosa da silva,welson-barbosa-da-silva_198@gmail.com,2019-11-06T15:04:39.000Z,+55(21)2623-2226,21,+55
778,karine dos santos,karine-dos-santos_778@gmail.com,2021-09-28T13:43:04.000Z,+55(29)2622-2030,29,+55
390,elielson,elielson_390@gmail.com,2020-07-07T13:12:29.000Z,+55(24)2926-2730,24,+55
786,adriana aureliano da silva,adriana-aureliano-da-silva_786@gmail.com,2021-10-05T23:43:28.000Z,+55(27)2523-2830,27,+55
779,karolayne monteiro diniz rodrigues,karolayne-monteiro-diniz-rodrigues_779@gmail.com,2021-09-28T18:34:10.000Z,+55(30)3022-3029,30,+55
828,ùëæùíäùíçùíçùíöùíî,_828@gmail.com,2021-10-30T02:43:37.000Z,+55(22)2625-2925,22,+55
781,lauriane ramos da silva,lauriane-ramos-da-silva_781@gmail.com,2021-10-02T04:17:12.000Z,+55(22)2225-2223,22,+55
787,niely alves ramos,niely-alves-ramos_787@gmail.com,2021-10-07T21:08:51.000Z,+55(30)2022-2723,30,+55
869,kethely marlene da silva,kethely-marlene-da-silva_869@gmail.com,2021-11-24T10:35:29.000Z,+55(21)2722-2825,21,+55
785,jos√© tiago nunes dos santos,jose-tiago-nunes-dos-santos_785@gmail.com,2021-10-05T06:45:10.000Z,+55(25)2722-2123,25,+55
780,livia ranyelle de araujo salustiano,livia-ranyelle-de-araujo-salustiano_780@gmail.com,2021-09-29T23:59:46.000Z,+55(29)2825-2024,29,+55
782,marcelo oliveira da silva,marcelo-oliveira-da-silva_782@gmail.com,2021-10-02T16:45:15.000Z,+55(29)2920-2529,29,+55
783,renato soares,renato-soares_783@gmail.com,2021-10-03T17:56:44.000Z,+55(23)2022-2125,23,+55
832,elder santos,elder-santos_832@gmail.com,2021-11-08T22:21:09.000Z,+55(28)2123-2120,28,+55
867,al√≠cia marinho santos,alicia-marinho-santos_867@gmail.com,2021-11-19T16:51:08.000Z,+55(20)2829-2227,20,+55
831,jhonatta,jhonatta_831@gmail.com,2021-11-08T16:51:44.000Z,+55(22)2729-2727,22,+55
829,luiz diogo de souza silva,luiz-diogo-de-souza-silva_829@gmail.com,2021-10-31T12:41:07.000Z,+55(30)3022-2024,30,+55
789,cleber da silva lins,cleber-da-silva-lins_789@gmail.com,2021-10-09T20:08:42.000Z,+55(30)2529-2327,30,+55
793,mylena miranda ferreira,mylena-miranda-ferreira_793@gmail.com,2021-10-20T14:30:47.000Z,+55(27)2623-2725,27,+55
830,judandi,judandi_830@gmail.com,2021-11-05T15:53:16.000Z,+55(23)2329-2923,23,+55
826,jefferson teixeira da silva,jefferson-teixeira-da-silva_826@gmail.com,2021-10-21T01:18:41.000Z,+55(27)2828-2724,27,+55
502,mathias,mathias_502@gmail.com,2020-11-14T12:41:49.000Z,+55(30)2523-2630,30,+55
495,fagner de almeida oliveira,fagner-de-almeida-oliveira_495@gmail.com,2020-10-31T11:55:46.000Z,+55(20)2521-3022,20,+55
518,jo√£o bosco,joao-bosco_518@gmail.com,2020-11-29T20:55:27.000Z,+55(30)2423-2920,30,+55
211,alan severino mendes de souza,alan-severino-mendes-de-souza_211@gmail.com,2019-12-03T02:29:14.000Z,+55(25)2323-2822,25,+55
833,denise maria,denise-maria_833@gmail.com,2021-11-15T14:27:39.000Z,+55(24)2627-2428,24,+55
834,iana rafaele santos de lima,iana-rafaele-santos-de-lima_834@gmail.com,2021-11-17T12:48:17.000Z,+55(30)2030-2428,30,+55
868,thiago francisco,thiago-francisco_868@gmail.com,2021-11-21T19:39:47.000Z,+55(23)2926-2428,23,+55
737,dalmir,dalmir_737@gmail.com,2021-09-17T10:58:46.000Z,+55(25)2525-2628,25,+55
870,jos√© gomes ferreira de lima junior,jose-gomes-ferreira-de-lima-junior_870@gmail.com,2021-11-24T18:34:24.000Z,+55(22)2024-2020,22,+55
788,severinojogos,severinojogos_788@gmail.com,2021-10-08T18:38:03.000Z,+55(26)2825-2729,26,+55
784,renato bol365,renato-bol365_784@gmail.com,2021-10-03T18:15:01.000Z,+55(20)2630-2925,20,+55
790,jose adriano da silva,jose-adriano-da-silva_790@gmail.com,2021-10-09T21:15:11.000Z,+55(26)2725-2826,26,+55
84,wesley,wesley_84@gmail.com,2019-09-12T19:06:52.000Z,+55(21)2324-3020,21,+55
792,adriano,adriano_792@gmail.com,2021-10-09T21:28:59.000Z,+55(21)2424-3024,21,+55
827,deyvid ramos silva,deyvid-ramos-silva_827@gmail.com,2021-10-28T01:32:50.000Z,+55(26)3024-2021,26,+55
450,jos√© luiz de ara√∫jo tavares,jose-luiz-de-araujo-tavares_450@gmail.com,2020-09-28T23:38:06.000Z,+55(28)2626-2230,28,+55
1,fabio rogerio,fabio-rogerio_1@gmail.com,2019-06-20T15:41:28.000Z,+55(27)2529-2222,27,+55
906,marcos eduardo buarque anselmo,marcos-eduardo-buarque-anselmo_906@gmail.com,2021-12-28T16:35:17.000Z,+55(26)2730-2623,26,+55
570,ednelson ramalho amorim,ednelson-ramalho-amorim_570@gmail.com,2021-01-08T13:46:08.000Z,+55(30)2921-2026,30,+55
873,di√≥genes,diogenes_873@gmail.com,2021-12-16T19:19:45.000Z,+55(26)2729-2627,26,+55
93,marcos eduardo,marcos-eduardo_93@gmail.com,2019-09-19T12:31:31.000Z,+55(25)2321-2030,25,+55
791,adriano silva,adriano-silva_791@gmail.com,2021-10-09T21:21:44.000Z,+55(29)2528-3026,29,+55
576,jos√© edson da concei√ß√£o,jose-edson-da-conceicao_576@gmail.com,2021-01-30T21:52:37.000Z,+55(23)2027-2026,23,+55
578,kemerson emanuel santiago de oliveira,kemerson-emanuel-santiago-de-oliveira_578@gmail.com,2021-02-03T20:22:29.000Z,+55(20)2830-2027,20,+55
908,maria paula neves de arruda,maria-paula-neves-de-arruda_908@gmail.com,2022-01-03T21:22:05.000Z,+55(28)2526-2921,28,+55
575,emerson victor lira de souza,emerson-victor-lira-de-souza_575@gmail.com,2021-01-24T18:49:32.000Z,+55(20)2329-2930,20,+55
526,tiririca,tiririca_526@gmail.com,2020-12-08T21:04:55.000Z,+55(21)2530-2521,21,+55
7,jamersom ferreira alves,jamersom-ferreira-alves_7@gmail.com,2019-07-15T11:51:43.000Z,+55(22)2529-2028,22,+55
39,gilmar,gilmar_39@gmail.com,2019-08-01T20:02:46.000Z,+55(23)2324-2128,23,+55
527,edvaldo,edvaldo_527@gmail.com,2020-12-08T21:56:34.000Z,+55(27)2927-2020,27,+55
871,barcelona,barcelona_871@gmail.com,2021-11-29T11:36:37.000Z,+55(23)2426-2727,23,+55
573,jos√© gilvanio souza santos,jose-gilvanio-souza-santos_573@gmail.com,2021-01-22T04:59:50.000Z,+55(28)2227-2729,28,+55
529,geliane fireman honorio,geliane-fireman-honorio_529@gmail.com,2020-12-13T17:57:53.000Z,+55(30)2122-2925,30,+55
212,cassiano,cassiano_212@gmail.com,2019-12-05T21:48:10.000Z,+55(29)2325-2321,29,+55
79,victor ara√∫jo,victor-araujo_79@gmail.com,2019-09-10T02:05:55.000Z,+55(22)2629-2724,22,+55
567,luis carlos da silva,luis-carlos-da-silva_567@gmail.com,2020-12-30T01:42:31.000Z,+55(29)2923-2425,29,+55
95,mauricio neves,mauricio-neves_95@gmail.com,2019-09-19T12:34:39.000Z,+55(23)2423-2626,23,+55
67,mickaele cristina da silva,mickaele-cristina-da-silva_67@gmail.com,2019-08-30T01:29:29.000Z,+55(30)3028-2324,30,+55
909,sssw,sssw_909@gmail.com,2022-01-11T19:22:51.000Z,+55(23)2321-2425,23,+55
530,jalison eulino da silva,jalison-eulino-da-silva_530@gmail.com,2020-12-15T21:40:23.000Z,+55(22)2721-2727,22,+55
641,priscila felix do amaral,priscila-felix-do-amaral_641@gmail.com,2021-03-28T18:46:57.000Z,+55(30)2227-2428,30,+55
94,idelmon,idelmon_94@gmail.com,2019-09-19T12:33:19.000Z,+55(29)3027-2026,29,+55
584,liliane soares da silva,liliane-soares-da-silva_584@gmail.com,2021-02-10T19:15:30.000Z,+55(21)2024-2520,21,+55
580,fagner jose dos santos,fagner-jose-dos-santos_580@gmail.com,2021-02-07T01:47:04.000Z,+55(24)2624-2029,24,+55
21,cildo,cildo_21@gmail.com,2019-07-30T11:40:10.000Z,+55(21)2222-2422,21,+55
582,nielton da silva santos,nielton-da-silva-santos_582@gmail.com,2021-02-09T00:11:22.000Z,+55(27)2028-2828,27,+55
586,armando teles da silva,armando-teles-da-silva_586@gmail.com,2021-02-12T15:20:14.000Z,+55(27)2720-2230,27,+55
151,fabricio,fabricio_151@gmail.com,2019-10-14T21:16:27.000Z,+55(20)2121-2326,20,+55
83,flavio junior,flavio-junior_83@gmail.com,2019-09-11T15:24:00.000Z,+55(22)2028-2122,22,+55
587,wagner,wagner_587@gmail.com,2021-02-14T13:56:25.000Z,+55(28)2620-2421,28,+55
585,jeine maria,jeine-maria_585@gmail.com,2021-02-11T23:49:04.000Z,+55(27)2528-2523,27,+55
534,thay,thay_534@gmail.com,2020-12-19T02:10:58.000Z,+55(29)2327-2626,29,+55
639,sindini vieira dos santos,sindini-vieira-dos-santos_639@gmail.com,2021-03-21T16:07:04.000Z,+55(28)2126-2123,28,+55
528,aparecido,aparecido_528@gmail.com,2020-12-12T20:02:38.000Z,+55(26)2721-2828,26,+55
636,edy navarro,edy-navarro_636@gmail.com,2021-03-04T11:29:03.000Z,+55(30)3024-2821,30,+55
626,moab tenorio,moab-tenorio_626@gmail.com,2021-02-21T14:49:26.000Z,+55(29)2921-2730,29,+55
627,jose franciusci,jose-franciusci_627@gmail.com,2021-02-21T14:53:39.000Z,+55(29)2222-2227,29,+55
637,crislane luiz da silva,crislane-luiz-da-silva_637@gmail.com,2021-03-07T03:11:09.000Z,+55(30)2821-2024,30,+55
635,emerson,emerson_635@gmail.com,2021-03-03T23:03:31.000Z,+55(20)2224-2829,20,+55
638,italo,italo_638@gmail.com,2021-03-15T23:19:48.000Z,+55(25)2323-2424,25,+55
643,djalma macena da silva,djalma-macena-da-silva_643@gmail.com,2021-03-30T16:19:21.000Z,+55(29)2726-2925,29,+55
640,darlison,darlison_640@gmail.com,2021-03-25T15:47:16.000Z,+55(25)2322-2125,25,+55
642,weverton,weverton_642@gmail.com,2021-03-29T13:41:43.000Z,+55(24)2320-2229,24,+55
579,weverton luiz dos santos,weverton-luiz-dos-santos_579@gmail.com,2021-02-06T02:00:17.000Z,+55(28)2322-2225,28,+55
581,victor mateus rodrigues de souza,victor-mateus-rodrigues-de-souza_581@gmail.com,2021-02-07T16:23:55.000Z,+55(21)2430-2720,21,+55
583,nadilcio,nadilcio_583@gmail.com,2021-02-09T00:20:23.000Z,+55(27)2129-2426,27,+55
531,nadilsom,nadilsom_531@gmail.com,2020-12-17T12:45:50.000Z,+55(27)2626-2027,27,+55
5,elis√¢ngela louren√ßo de almeida,elisangela-lourenco-de-almeida_5@gmail.com,2019-07-15T11:33:15.000Z,+55(27)2921-2822,27,+55
74,samara lais da silva santos,samara-lais-da-silva-santos_74@gmail.com,2019-09-05T12:35:02.000Z,+55(24)2129-2429,24,+55
253,wanderley gomes,wanderley-gomes_253@gmail.com,2019-12-22T17:37:23.000Z,+55(24)2727-2520,24,+55
649,avaci militao donato santos,avaci-militao-donato-santos_649@gmail.com,2021-05-05T01:59:59.000Z,+55(24)2123-2721,24,+55
653,maria aparecida liandra gomes de oliveira,maria-aparecida-liandra-gomes-de-oliveira_653@gmail.com,2021-05-09T22:35:49.000Z,+55(30)2823-2622,30,+55
663,jackson,jackson_663@gmail.com,2021-05-21T17:15:01.000Z,+55(27)2125-2121,27,+55
654,jos√© carlos elias de andrade,jose-carlos-elias-de-andrade_654@gmail.com,2021-05-10T15:09:15.000Z,+55(27)2627-2827,27,+55
651,j√∫lio,julio_651@gmail.com,2021-05-07T22:56:20.000Z,+55(23)2826-2923,23,+55
644,aquila santos,aquila-santos_644@gmail.com,2021-04-04T14:06:24.000Z,+55(23)2121-2721,23,+55
371,jos√© geovane da silva,jose-geovane-da-silva_371@gmail.com,2020-05-28T20:45:42.000Z,+55(27)2827-2425,27,+55
645,marcio roberto santos,marcio-roberto-santos_645@gmail.com,2021-04-09T18:20:43.000Z,+55(22)2827-2620,22,+55
646,jardiane,jardiane_646@gmail.com,2021-04-17T17:05:16.000Z,+55(29)2630-2723,29,+55
650,wellington junio fran√ßa de almeida,wellington-junio-franca-de-almeida_650@gmail.com,2021-05-06T00:50:42.000Z,+55(29)2927-2720,29,+55
648,iran dos santos silva,iran-dos-santos-silva_648@gmail.com,2021-04-20T02:15:29.000Z,+55(28)2222-2123,28,+55
661,jo√£o gabriel santos silva,joao-gabriel-santos-silva_661@gmail.com,2021-05-20T21:17:50.000Z,+55(30)2129-2927,30,+55
657,erilane da silva,erilane-da-silva_657@gmail.com,2021-05-10T22:41:03.000Z,+55(30)2620-3026,30,+55
674,oliveira,oliveira_674@gmail.com,2021-05-24T13:23:36.000Z,+55(25)2229-2728,25,+55
658,henrique,henrique_658@gmail.com,2021-05-11T11:17:05.000Z,+55(24)2228-3020,24,+55
652,maria michelle dos santos goiana,maria-michelle-dos-santos-goiana_652@gmail.com,2021-05-09T00:16:48.000Z,+55(28)2226-2723,28,+55
662,jose jackson marques dos santos,jose-jackson-marques-dos-santos_662@gmail.com,2021-05-21T15:33:17.000Z,+55(22)2424-3029,22,+55
660,sandra paula dos santos silva,sandra-paula-dos-santos-silva_660@gmail.com,2021-05-20T01:33:09.000Z,+55(22)2029-2124,22,+55
675,josuel laurentino da silva,josuel-laurentino-da-silva_675@gmail.com,2021-05-25T16:06:11.000Z,+55(21)2520-2623,21,+55
676,duda,duda_676@gmail.com,2021-05-26T03:52:04.000Z,+55(20)2526-2328,20,+55
677,daylisson,daylisson_677@gmail.com,2021-05-26T03:54:08.000Z,+55(26)2727-2828,26,+55
678,tamiris,tamiris_678@gmail.com,2021-05-30T22:51:59.000Z,+55(30)2520-2026,30,+55
664,willams,willams_664@gmail.com,2021-05-22T00:02:41.000Z,+55(26)2030-2529,26,+55
680,vitor litrenta,vitor-litrenta_680@gmail.com,2021-05-31T15:49:14.000Z,+55(30)2429-3028,30,+55
647,cicera,cicera_647@gmail.com,2021-04-17T17:10:23.000Z,+55(30)2020-2526,30,+55
659,alex sandro pereira da silva,alex-sandro-pereira-da-silva_659@gmail.com,2021-05-19T04:29:20.000Z,+55(24)2229-2022,24,+55
655,vitoria regina c√¢ndida dos santos silva,vitoria-regina-candida-dos-santos-silva_655@gmail.com,2021-05-10T18:16:08.000Z,+55(23)2423-2823,23,+55
679,thain√° batista dos santos,thaina-batista-dos-santos_679@gmail.com,2021-05-31T02:36:30.000Z,+55(20)3029-2925,20,+55
665,inho,inho_665@gmail.com,2021-05-22T00:18:39.000Z,+55(25)2721-2730,25,+55
684,rogerio capela fontes,rogerio-capela-fontes_684@gmail.com,2021-06-03T15:03:25.000Z,+55(28)2926-3021,28,+55
681,albert kelvin farias lima,albert-kelvin-farias-lima_681@gmail.com,2021-05-31T22:25:52.000Z,+55(22)2921-2720,22,+55
671,leonardo,leonardo_671@gmail.com,2021-05-22T00:28:56.000Z,+55(29)2328-2922,29,+55
682,ely s√©rgio da silva medeiros,ely-sergio-da-silva-medeiros_682@gmail.com,2021-06-02T19:26:26.000Z,+55(25)3030-2721,25,+55
672,flavio,flavio_672@gmail.com,2021-05-22T00:30:11.000Z,+55(20)2428-2021,20,+55
86,jose adriano,jose-adriano_86@gmail.com,2019-09-13T21:15:15.000Z,+55(20)2530-2427,20,+55
666,jarlan,jarlan_666@gmail.com,2021-05-22T00:20:27.000Z,+55(28)2029-2925,28,+55
656,adryelle silva dos santos,adryelle-silva-dos-santos_656@gmail.com,2021-05-10T18:39:47.000Z,+55(25)2525-2821,25,+55
686,ronaldo da silva lima,ronaldo-da-silva-lima_686@gmail.com,2021-06-06T22:09:27.000Z,+55(24)2721-2221,24,+55
698,eronildes j√∫nior,eronildes-junior_698@gmail.com,2021-06-20T14:48:33.000Z,+55(28)2129-3024,28,+55
701,claudia tenorio dos santos,claudia-tenorio-dos-santos_701@gmail.com,2021-06-24T16:47:06.000Z,+55(21)2021-2026,21,+55
696,john coltt da silva teixeira,john-coltt-da-silva-teixeira_696@gmail.com,2021-06-16T18:37:37.000Z,+55(21)2520-2029,21,+55
690,erinaldo,erinaldo_690@gmail.com,2021-06-12T16:19:34.000Z,+55(27)2725-2226,27,+55
691,tone ramos da silva j√∫nior,tone-ramos-da-silva-junior_691@gmail.com,2021-06-13T18:24:37.000Z,+55(27)2024-2830,27,+55
685,maciel,maciel_685@gmail.com,2021-06-04T12:15:35.000Z,+55(28)3021-2721,28,+55
683,ana carolina ferreira alves,ana-carolina-ferreira-alves_683@gmail.com,2021-06-02T21:25:28.000Z,+55(29)2128-2123,29,+55
712,wellington,wellington_712@gmail.com,2021-07-11T20:29:57.000Z,+55(30)2230-2421,30,+55
687,jhonathan bezerra cordeiro,jhonathan-bezerra-cordeiro_687@gmail.com,2021-06-09T00:35:44.000Z,+55(22)2021-2520,22,+55
704,gustavo de fran√ßa santos da silva,gustavo-de-franca-santos-da-silva_704@gmail.com,2021-06-30T10:40:38.000Z,+55(20)2625-2821,20,+55
694,lucas,lucas_694@gmail.com,2021-06-14T19:57:19.000Z,+55(20)2124-3021,20,+55
697,gisele bernardo dos santos,gisele-bernardo-dos-santos_697@gmail.com,2021-06-19T20:12:57.000Z,+55(20)2729-2523,20,+55
443,juan carlos da silva,juan-carlos-da-silva_443@gmail.com,2020-09-04T15:53:06.000Z,+55(25)2925-2023,25,+55
708,rodrigo sakaa,rodrigo-sakaa_708@gmail.com,2021-07-01T15:45:37.000Z,+55(30)3025-2520,30,+55
714,zekinha,zekinha_714@gmail.com,2021-07-18T18:08:27.000Z,+55(25)2921-2021,25,+55
722,yago,yago_722@gmail.com,2021-08-16T03:21:21.000Z,+55(24)2128-2425,24,+55
699,diego concei√ß√£o fagundes,diego-conceicao-fagundes_699@gmail.com,2021-06-23T14:41:55.000Z,+55(28)2327-2829,28,+55
726,leo,leo_726@gmail.com,2021-08-21T03:19:59.000Z,+55(26)2530-2424,26,+55
710,jac√≥ do carmo caetano,jaco-do-carmo-caetano_710@gmail.com,2021-07-04T12:30:03.000Z,+55(21)2923-2624,21,+55
717,rodolfo,rodolfo_717@gmail.com,2021-07-24T14:36:03.000Z,+55(24)2821-2628,24,+55
703,jorge,jorge_703@gmail.com,2021-06-29T19:00:41.000Z,+55(24)2526-2427,24,+55
713,wagner,wagner_713@gmail.com,2021-07-12T13:15:41.000Z,+55(30)2928-2220,30,+55
689,jhon,jhon_689@gmail.com,2021-06-11T15:57:56.000Z,+55(25)2527-2425,25,+55
711,edson,edson_711@gmail.com,2021-07-10T17:10:13.000Z,+55(22)2330-2724,22,+55
625,teste2,teste2_625@gmail.com,2021-02-21T02:54:57.000Z,+55(28)2424-2720,28,+55
668,oliveira.,oliveira_668@gmail.com,2021-05-22T00:24:08.000Z,+55(24)2624-2420,24,+55
716,samteste,samteste_716@gmail.com,2021-07-22T02:03:14.000Z,+55(30)3023-2426,30,+55
709,douglas fernandes da silva,douglas-fernandes-da-silva_709@gmail.com,2021-07-01T18:54:32.000Z,+55(30)2820-2229,30,+55
723,sim,sim_723@gmail.com,2021-08-16T19:14:23.000Z,+55(24)2425-2530,24,+55
669,carioca,carioca_669@gmail.com,2021-05-22T00:25:21.000Z,+55(22)2324-2124,22,+55
692,ewerthon oliveira da silva,ewerthon-oliveira-da-silva_692@gmail.com,2021-06-13T23:27:11.000Z,+55(25)2627-2227,25,+55
688,jhonathan bezerra,jhonathan-bezerra_688@gmail.com,2021-06-09T00:40:27.000Z,+55(28)2925-2322,28,+55
720,renan,renan_720@gmail.com,2021-08-05T01:38:58.000Z,+55(23)2124-2628,23,+55
568,jailton dos santos freire,jailton-dos-santos-freire_568@gmail.com,2021-01-03T03:10:03.000Z,+55(26)2823-2028,26,+55
158,cassio,cassio_158@gmail.com,2019-10-28T12:37:58.000Z,+55(29)3024-2522,29,+55
80,luis fernando,luis-fernando_80@gmail.com,2019-09-10T02:08:11.000Z,+55(26)2222-3022,26,+55
162,lucas daniel,lucas-daniel_162@gmail.com,2019-11-01T12:02:10.000Z,+55(29)2528-2721,29,+55
196,jos√© lourinaldo de melo j√∫nior,jose-lourinaldo-de-melo-junior_196@gmail.com,2019-11-06T09:07:07.000Z,+55(23)2627-2620,23,+55
396,silva,silva_396@gmail.com,2020-07-20T01:42:42.000Z,+55(25)2420-2123,25,+55
520,raphael luis gon√ßalves,raphael-luis-goncalves_520@gmail.com,2020-12-05T17:37:44.000Z,+55(21)2122-2820,21,+55
254,sergio gomes dos santos,sergio-gomes-dos-santos_254@gmail.com,2019-12-22T23:51:29.000Z,+55(29)3021-2124,29,+55
52,leonardo domingos dos santos,leonardo-domingos-dos-santos_52@gmail.com,2019-08-30T00:48:15.000Z,+55(22)2925-2426,22,+55
58,franklin dos santos,franklin-dos-santos_58@gmail.com,2019-08-30T01:00:40.000Z,+55(23)2824-2125,23,+55
571,jos√© ivanildo santana de almeida junior,jose-ivanildo-santana-de-almeida-junior_571@gmail.com,2021-01-12T13:45:13.000Z,+55(20)2130-2830,20,+55
335,marcelo,marcelo_335@gmail.com,2020-05-09T22:57:23.000Z,+55(24)2424-2020,24,+55
284,jonathan ruan da silva oliveira,jonathan-ruan-da-silva-oliveira_284@gmail.com,2020-02-16T18:07:27.000Z,+55(24)2720-2724,24,+55
264,joao paulo,joao-paulo_264@gmail.com,2020-01-27T22:21:01.000Z,+55(23)3027-2325,23,+55
522,fabio ferreira da silva,fabio-ferreira-da-silva_522@gmail.com,2020-12-06T12:10:19.000Z,+55(24)2123-2225,24,+55
206,ivanilton tojal da silva nascimento nogueira,ivanilton-tojal-da-silva-nascimento-nogueira_206@gmail.com,2019-11-20T23:07:51.000Z,+55(28)2822-2922,28,+55
441,maria helena,maria-helena_441@gmail.com,2020-08-28T21:02:47.000Z,+55(29)2524-2226,29,+55
569,amanda dos santos almeida,amanda-dos-santos-almeida_569@gmail.com,2021-01-06T20:59:47.000Z,+55(28)2020-2924,28,+55
389,erico buarque,erico-buarque_389@gmail.com,2020-07-06T15:52:07.000Z,+55(21)2930-3022,21,+55
521,evelyn,evelyn_521@gmail.com,2020-12-06T01:01:47.000Z,+55(21)2021-2723,21,+55
533,sergio vicente felipe,sergio-vicente-felipe_533@gmail.com,2020-12-18T20:33:23.000Z,+55(25)2124-2527,25,+55
442,tony,tony_442@gmail.com,2020-08-31T22:19:56.000Z,+55(22)3030-2629,22,+55
73,roberto tenorio,roberto-tenorio_73@gmail.com,2019-09-04T20:37:36.000Z,+55(22)2727-2422,22,+55
872,mundial,mundial_872@gmail.com,2021-11-29T11:38:12.000Z,+55(23)2520-2721,23,+55
907,azus,azus_907@gmail.com,2021-12-28T19:25:12.000Z,+55(29)2628-2026,29,+55
523,moab fireman,moab-fireman_523@gmail.com,2020-12-06T17:20:43.000Z,+55(29)2124-3025,29,+55
53,marcio roberto da silva lima,marcio-roberto-da-silva-lima_53@gmail.com,2019-08-30T00:50:58.000Z,+55(21)2323-2627,21,+55
54,wellington jackson da silva santos,wellington-jackson-da-silva-santos_54@gmail.com,2019-08-30T00:52:41.000Z,+55(29)2726-2523,29,+55
501,jadielson jos√© souza da silva,jadielson-jose-souza-da-silva_501@gmail.com,2020-11-14T12:35:31.000Z,+55(28)2121-2525,28,+55
299,ikaro ferreira gouveia,ikaro-ferreira-gouveia_299@gmail.com,2020-02-18T15:39:02.000Z,+55(27)2026-2626,27,+55
6,jos√© rafael,jose-rafael_6@gmail.com,2019-07-15T11:49:16.000Z,+55(24)2930-2521,24,+55
436,erick,erick_436@gmail.com,2020-08-10T01:45:50.000Z,+55(30)2424-2826,30,+55
13,sandra lucia silva,sandra-lucia-silva_13@gmail.com,2019-07-22T00:47:07.000Z,+55(30)2924-2322,30,+55
8,robson fernandes,robson-fernandes_8@gmail.com,2019-07-16T10:56:22.000Z,+55(28)2627-2821,28,+55
488,rafael acioli de oliveira,rafael-acioli-de-oliveira_488@gmail.com,2020-10-07T03:53:47.000Z,+55(25)2222-2827,25,+55
438,tagner gusmao marinho,tagner-gusmao-marinho_438@gmail.com,2020-08-15T19:21:14.000Z,+55(30)2921-2330,30,+55
30,kiel da silva,kiel-da-silva_30@gmail.com,2019-07-30T12:24:53.000Z,+55(26)2328-2827,26,+55
15,ailtonjogos,ailtonjogos_15@gmail.com,2019-07-29T23:22:32.000Z,+55(29)2329-2220,29,+55
36,thomaz rodrigues,thomaz-rodrigues_36@gmail.com,2019-07-30T12:43:57.000Z,+55(22)2522-2525,22,+55
59,henrique2,henrique2_59@gmail.com,2019-08-30T01:02:19.000Z,+55(26)2821-2727,26,+55
524,elvis patricio,elvis-patricio_524@gmail.com,2020-12-08T01:30:01.000Z,+55(26)2824-3020,26,+55
24,alison pereira,alison-pereira_24@gmail.com,2019-07-30T12:13:05.000Z,+55(25)3025-2727,25,+55
19,falajogos,falajogos_19@gmail.com,2019-07-29T23:33:17.000Z,+55(22)2029-2024,22,+55
22,leandro silva lyra,leandro-silva-lyra_22@gmail.com,2019-07-30T11:41:35.000Z,+55(24)2920-2221,24,+55
28,henriqueb,henriqueb_28@gmail.com,2019-07-30T12:22:00.000Z,+55(23)2425-2322,23,+55
33,paulo santos,paulo-santos_33@gmail.com,2019-07-30T12:33:32.000Z,+55(22)3023-2823,22,+55
34,perneta,perneta_34@gmail.com,2019-07-30T12:37:37.000Z,+55(23)2628-2024,23,+55
23,ronaldo isac,ronaldo-isac_23@gmail.com,2019-07-30T11:43:11.000Z,+55(21)2421-2128,21,+55
249,regina martins,regina-martins_249@gmail.com,2019-12-13T18:34:10.000Z,+55(20)2620-2529,20,+55
18,williams da silva,williams-da-silva_18@gmail.com,2019-07-29T23:31:20.000Z,+55(24)2223-2929,24,+55
29,jeferson da silva,jeferson-da-silva_29@gmail.com,2019-07-30T12:23:29.000Z,+55(24)2227-2523,24,+55
35,rafael da silva,rafael-da-silva_35@gmail.com,2019-07-30T12:40:38.000Z,+55(23)2225-2830,23,+55
25,luiz carlos,luiz-carlos_25@gmail.com,2019-07-30T12:15:48.000Z,+55(27)2428-2428,27,+55
3,visitante,visitante_3@gmail.com,2019-06-27T20:03:39.000Z,+55(26)2524-2423,26,+55
250,adriano arag√£o gon√ßalves,adriano-aragao-goncalves_250@gmail.com,2019-12-20T12:50:22.000Z,+55(21)2129-2923,21,+55
252,maur√≠cio,mauricio_252@gmail.com,2019-12-22T14:06:22.000Z,+55(23)2227-2124,23,+55
37,vitoria de lima araujo,vitoria-de-lima-araujo_37@gmail.com,2019-07-30T12:45:25.000Z,+55(21)2130-2925,21,+55
12,leojaine da silva soares,leojaine-da-silva-soares_12@gmail.com,2019-07-21T12:33:43.000Z,+55(28)2424-2220,28,+55
57,josilan lopes dos santos,josilan-lopes-dos-santos_57@gmail.com,2019-08-30T00:56:33.000Z,+55(30)2721-2527,30,+55
440,nonon,nonon_440@gmail.com,2020-08-26T18:33:30.000Z,+55(26)2930-2330,26,+55
42,danilo,danilo_42@gmail.com,2019-08-20T23:31:55.000Z,+55(29)3029-2528,29,+55
70,matheus,matheus_70@gmail.com,2019-08-31T01:41:53.000Z,+55(24)2023-2527,24,+55
64,rogerio da silva,rogerio-da-silva_64@gmail.com,2019-08-30T01:15:16.000Z,+55(24)2723-3025,24,+55
62,denize da silva,denize-da-silva_62@gmail.com,2019-08-30T01:11:44.000Z,+55(30)2528-2624,30,+55
38,antonio louren√ßo da silva junior,antonio-lourenco-da-silva-junior_38@gmail.com,2019-07-30T12:47:42.000Z,+55(30)2924-2725,30,+55
16,fabiojogos,fabiojogos_16@gmail.com,2019-07-29T23:24:24.000Z,+55(25)2120-2523,25,+55
49,ivonete soares,ivonete-soares_49@gmail.com,2019-08-30T00:33:13.000Z,+55(23)2220-3030,23,+55
71,ryan monteiro,ryan-monteiro_71@gmail.com,2019-09-03T14:40:16.000Z,+55(20)2220-2420,20,+55
48,j√∫nior seixas,junior-seixas_48@gmail.com,2019-08-30T00:18:56.000Z,+55(28)2725-2826,28,+55
65,sebasti√£o heleno da silva,sebastiao-heleno-da-silva_65@gmail.com,2019-08-30T01:16:53.000Z,+55(27)2228-3020,27,+55
66,jo√£o batista gomes,joao-batista-gomes_66@gmail.com,2019-08-30T01:27:39.000Z,+55(25)2023-2422,25,+55
68,petrucio da silva,petrucio-da-silva_68@gmail.com,2019-08-30T01:30:51.000Z,+55(28)3021-3027,28,+55
69,edilma dos santos,edilma-dos-santos_69@gmail.com,2019-08-30T01:32:22.000Z,+55(26)2327-2729,26,+55
251,santos,santos_251@gmail.com,2019-12-21T19:36:05.000Z,+55(20)2229-2127,20,+55
506,nildo,nildo_506@gmail.com,2020-11-14T13:15:58.000Z,+55(29)2522-2425,29,+55
47,jos√© c√≠cero bezerra,jose-cicero-bezerra_47@gmail.com,2019-08-30T00:16:26.000Z,+55(30)2521-2021,30,+55
50,willian costa,willian-costa_50@gmail.com,2019-08-30T00:34:55.000Z,+55(30)2824-2525,30,+55
63,jorge da silva,jorge-da-silva_63@gmail.com,2019-08-30T01:13:35.000Z,+55(29)2721-2221,29,+55
51,ubiratan silva,ubiratan-silva_51@gmail.com,2019-08-30T00:36:49.000Z,+55(21)3029-2920,21,+55
89,francisco henrique barreto ayres,francisco-henrique-barreto-ayres_89@gmail.com,2019-09-17T02:57:05.000Z,+55(26)2322-2026,26,+55
17,leto,leto_17@gmail.com,2019-07-29T23:29:07.000Z,+55(29)2129-2829,29,+55
105,enildo lucindo da silva,enildo-lucindo-da-silva_105@gmail.com,2019-09-24T19:21:33.000Z,+55(21)2420-2330,21,+55
75,danilo,danilo_75@gmail.com,2019-09-05T21:50:17.000Z,+55(23)2520-2126,23,+55
99,andre2,andre2_99@gmail.com,2019-09-19T12:46:09.000Z,+55(24)2121-2120,24,+55
76,danilo,danilo_76@gmail.com,2019-09-05T22:01:39.000Z,+55(21)2229-2525,21,+55
92,kaue,kaue_92@gmail.com,2019-09-17T17:26:41.000Z,+55(23)2429-2123,23,+55
100,thiago santos,thiago-santos_100@gmail.com,2019-09-19T12:47:25.000Z,+55(23)2420-2329,23,+55
103,mara carvalho,mara-carvalho_103@gmail.com,2019-09-23T14:05:54.000Z,+55(25)2028-2020,25,+55
246,halysson bruno de almeida silva,halysson-bruno-de-almeida-silva_246@gmail.com,2019-12-11T22:28:06.000Z,+55(23)2125-2629,23,+55
432,karllysson yury matos de oliveira,karllysson-yury-matos-de-oliveira_432@gmail.com,2020-08-05T23:59:58.000Z,+55(20)2930-2724,20,+55
26,edmilson silva batista,edmilson-silva-batista_26@gmail.com,2019-07-30T12:18:29.000Z,+55(29)2627-2428,29,+55
60,wilian,wilian_60@gmail.com,2019-08-30T01:03:52.000Z,+55(25)2027-2920,25,+55
81,jefferson,jefferson_81@gmail.com,2019-09-10T21:44:05.000Z,+55(21)2723-2621,21,+55
77,emanoel,emanoel_77@gmail.com,2019-09-06T02:49:05.000Z,+55(26)2924-2025,26,+55
85,ronaldo martins de souza,ronaldo-martins-de-souza_85@gmail.com,2019-09-13T10:07:10.000Z,+55(24)2822-2823,24,+55
446,frederico,frederico_446@gmail.com,2020-09-18T02:37:41.000Z,+55(27)2927-2529,27,+55
452,fabiano,fabiano_452@gmail.com,2020-09-30T15:21:17.000Z,+55(29)2830-2924,29,+55
101,carlos roberto marques da silva,carlos-roberto-marques-da-silva_101@gmail.com,2019-09-19T23:07:58.000Z,+55(28)2429-2527,28,+55
102,wilson silvestre de lima,wilson-silvestre-de-lima_102@gmail.com,2019-09-23T10:40:07.000Z,+55(20)2229-2629,20,+55
489,rafael acioli de oliveira,rafael-acioli-de-oliveira_489@gmail.com,2020-10-07T03:56:23.000Z,+55(24)2523-3020,24,+55
104,j√∫lio,julio_104@gmail.com,2019-09-24T00:46:51.000Z,+55(21)2225-2620,21,+55
